{
    "name": "hacked-splitters",
    "title": "Hacked Splitters",
    "version": "1.0.8",
    "factorio_version": "0.14",
    "author": "doktorstick",
    "homepage": "https://bitbucket.org/doktorstick/hacked-splitters",
    "description": "You've used your ingenuity as an engineer to hack your original splitter design, creating new splitters that perfectly balance transport belt inputs. These hacked splitters require extra circuitry and are best used with single-item belts as they no longer perform the function of their baser models. They unlock when their respective counterparts become available.",
    "dependencies": ["? boblogistics >= 0.14"]
}
