{
	"name": "EfficienSee",
	"version": "1.0.50",
	"title": "EfficienSee (optimise your factory !)",
	"author": "BinbinHfr",
	"description": "Optimise your factory efficiency ! Check your production rates per items and recipes, hunting for under or over production, and display underemployed, blocked or starved machines on the map: useful to see where are the weak links in your production chain.",
	"homepage": "https://forums.factorio.com/viewtopic.php?f=92&t=29179",
	"contact": "https://forums.factorio.com/memberlist.php?mode=viewprofile&u=14267",
	"factorio_version":"0.14",
	"dependencies": ["base >= 0.14.0"]
}
